--
-- PostgreSQL database dump
--

-- Dumped from database version 16.2 (Debian 16.2-1.pgdg120+2)
-- Dumped by pg_dump version 16.2 (Debian 16.2-1.pgdg120+2)

SET statement_timeout = 0;
SET lock_timeout = 0;
SET idle_in_transaction_session_timeout = 0;
SET client_encoding = 'UTF8';
SET standard_conforming_strings = on;
SELECT pg_catalog.set_config('search_path', '', false);
SET check_function_bodies = false;
SET xmloption = content;
SET client_min_messages = warning;
SET row_security = off;

SET default_tablespace = '';

SET default_table_access_method = heap;

--
-- Name: accounts_user; Type: TABLE; Schema: public; Owner: user
--

CREATE TABLE public.accounts_user (
    id bigint NOT NULL,
    password character varying(128) NOT NULL,
    last_login timestamp with time zone,
    is_superuser boolean NOT NULL,
    created_on timestamp with time zone NOT NULL,
    updated_on timestamp with time zone NOT NULL,
    email character varying(50) NOT NULL,
    is_active boolean NOT NULL,
    is_staff boolean NOT NULL
);


ALTER TABLE public.accounts_user OWNER TO "user";

--
-- Name: accounts_user_groups; Type: TABLE; Schema: public; Owner: user
--

CREATE TABLE public.accounts_user_groups (
    id bigint NOT NULL,
    user_id bigint NOT NULL,
    group_id integer NOT NULL
);


ALTER TABLE public.accounts_user_groups OWNER TO "user";

--
-- Name: accounts_user_groups_id_seq; Type: SEQUENCE; Schema: public; Owner: user
--

ALTER TABLE public.accounts_user_groups ALTER COLUMN id ADD GENERATED BY DEFAULT AS IDENTITY (
    SEQUENCE NAME public.accounts_user_groups_id_seq
    START WITH 1
    INCREMENT BY 1
    NO MINVALUE
    NO MAXVALUE
    CACHE 1
);


--
-- Name: accounts_user_id_seq; Type: SEQUENCE; Schema: public; Owner: user
--

ALTER TABLE public.accounts_user ALTER COLUMN id ADD GENERATED BY DEFAULT AS IDENTITY (
    SEQUENCE NAME public.accounts_user_id_seq
    START WITH 1
    INCREMENT BY 1
    NO MINVALUE
    NO MAXVALUE
    CACHE 1
);


--
-- Name: accounts_user_user_permissions; Type: TABLE; Schema: public; Owner: user
--

CREATE TABLE public.accounts_user_user_permissions (
    id bigint NOT NULL,
    user_id bigint NOT NULL,
    permission_id integer NOT NULL
);


ALTER TABLE public.accounts_user_user_permissions OWNER TO "user";

--
-- Name: accounts_user_user_permissions_id_seq; Type: SEQUENCE; Schema: public; Owner: user
--

ALTER TABLE public.accounts_user_user_permissions ALTER COLUMN id ADD GENERATED BY DEFAULT AS IDENTITY (
    SEQUENCE NAME public.accounts_user_user_permissions_id_seq
    START WITH 1
    INCREMENT BY 1
    NO MINVALUE
    NO MAXVALUE
    CACHE 1
);


--
-- Name: auth_group; Type: TABLE; Schema: public; Owner: user
--

CREATE TABLE public.auth_group (
    id integer NOT NULL,
    name character varying(150) NOT NULL
);


ALTER TABLE public.auth_group OWNER TO "user";

--
-- Name: auth_group_id_seq; Type: SEQUENCE; Schema: public; Owner: user
--

ALTER TABLE public.auth_group ALTER COLUMN id ADD GENERATED BY DEFAULT AS IDENTITY (
    SEQUENCE NAME public.auth_group_id_seq
    START WITH 1
    INCREMENT BY 1
    NO MINVALUE
    NO MAXVALUE
    CACHE 1
);


--
-- Name: auth_group_permissions; Type: TABLE; Schema: public; Owner: user
--

CREATE TABLE public.auth_group_permissions (
    id bigint NOT NULL,
    group_id integer NOT NULL,
    permission_id integer NOT NULL
);


ALTER TABLE public.auth_group_permissions OWNER TO "user";

--
-- Name: auth_group_permissions_id_seq; Type: SEQUENCE; Schema: public; Owner: user
--

ALTER TABLE public.auth_group_permissions ALTER COLUMN id ADD GENERATED BY DEFAULT AS IDENTITY (
    SEQUENCE NAME public.auth_group_permissions_id_seq
    START WITH 1
    INCREMENT BY 1
    NO MINVALUE
    NO MAXVALUE
    CACHE 1
);


--
-- Name: auth_permission; Type: TABLE; Schema: public; Owner: user
--

CREATE TABLE public.auth_permission (
    id integer NOT NULL,
    name character varying(255) NOT NULL,
    content_type_id integer NOT NULL,
    codename character varying(100) NOT NULL
);


ALTER TABLE public.auth_permission OWNER TO "user";

--
-- Name: auth_permission_id_seq; Type: SEQUENCE; Schema: public; Owner: user
--

ALTER TABLE public.auth_permission ALTER COLUMN id ADD GENERATED BY DEFAULT AS IDENTITY (
    SEQUENCE NAME public.auth_permission_id_seq
    START WITH 1
    INCREMENT BY 1
    NO MINVALUE
    NO MAXVALUE
    CACHE 1
);


--
-- Name: django_admin_log; Type: TABLE; Schema: public; Owner: user
--

CREATE TABLE public.django_admin_log (
    id integer NOT NULL,
    action_time timestamp with time zone NOT NULL,
    object_id text,
    object_repr character varying(200) NOT NULL,
    action_flag smallint NOT NULL,
    change_message text NOT NULL,
    content_type_id integer,
    user_id bigint NOT NULL,
    CONSTRAINT django_admin_log_action_flag_check CHECK ((action_flag >= 0))
);


ALTER TABLE public.django_admin_log OWNER TO "user";

--
-- Name: django_admin_log_id_seq; Type: SEQUENCE; Schema: public; Owner: user
--

ALTER TABLE public.django_admin_log ALTER COLUMN id ADD GENERATED BY DEFAULT AS IDENTITY (
    SEQUENCE NAME public.django_admin_log_id_seq
    START WITH 1
    INCREMENT BY 1
    NO MINVALUE
    NO MAXVALUE
    CACHE 1
);


--
-- Name: django_content_type; Type: TABLE; Schema: public; Owner: user
--

CREATE TABLE public.django_content_type (
    id integer NOT NULL,
    app_label character varying(100) NOT NULL,
    model character varying(100) NOT NULL
);


ALTER TABLE public.django_content_type OWNER TO "user";

--
-- Name: django_content_type_id_seq; Type: SEQUENCE; Schema: public; Owner: user
--

ALTER TABLE public.django_content_type ALTER COLUMN id ADD GENERATED BY DEFAULT AS IDENTITY (
    SEQUENCE NAME public.django_content_type_id_seq
    START WITH 1
    INCREMENT BY 1
    NO MINVALUE
    NO MAXVALUE
    CACHE 1
);


--
-- Name: django_migrations; Type: TABLE; Schema: public; Owner: user
--

CREATE TABLE public.django_migrations (
    id bigint NOT NULL,
    app character varying(255) NOT NULL,
    name character varying(255) NOT NULL,
    applied timestamp with time zone NOT NULL
);


ALTER TABLE public.django_migrations OWNER TO "user";

--
-- Name: django_migrations_id_seq; Type: SEQUENCE; Schema: public; Owner: user
--

ALTER TABLE public.django_migrations ALTER COLUMN id ADD GENERATED BY DEFAULT AS IDENTITY (
    SEQUENCE NAME public.django_migrations_id_seq
    START WITH 1
    INCREMENT BY 1
    NO MINVALUE
    NO MAXVALUE
    CACHE 1
);


--
-- Name: django_session; Type: TABLE; Schema: public; Owner: user
--

CREATE TABLE public.django_session (
    session_key character varying(40) NOT NULL,
    session_data text NOT NULL,
    expire_date timestamp with time zone NOT NULL
);


ALTER TABLE public.django_session OWNER TO "user";

--
-- Name: posts_comment; Type: TABLE; Schema: public; Owner: user
--

CREATE TABLE public.posts_comment (
    id bigint NOT NULL,
    created_on timestamp with time zone NOT NULL,
    updated_on timestamp with time zone NOT NULL,
    comment text NOT NULL,
    post_id bigint NOT NULL,
    author_id bigint NOT NULL
);


ALTER TABLE public.posts_comment OWNER TO "user";

--
-- Name: posts_comment_id_seq; Type: SEQUENCE; Schema: public; Owner: user
--

ALTER TABLE public.posts_comment ALTER COLUMN id ADD GENERATED BY DEFAULT AS IDENTITY (
    SEQUENCE NAME public.posts_comment_id_seq
    START WITH 1
    INCREMENT BY 1
    NO MINVALUE
    NO MAXVALUE
    CACHE 1
);


--
-- Name: posts_post; Type: TABLE; Schema: public; Owner: user
--

CREATE TABLE public.posts_post (
    id bigint NOT NULL,
    created_on timestamp with time zone NOT NULL,
    updated_on timestamp with time zone NOT NULL,
    menu_name character varying(200) NOT NULL,
    score integer NOT NULL,
    price integer NOT NULL,
    menu_photo character varying(100),
    menu_model character varying(100),
    review_text text,
    visited_date date,
    author_id bigint NOT NULL,
    restaurant_id bigint NOT NULL
);


ALTER TABLE public.posts_post OWNER TO "user";

--
-- Name: posts_post_id_seq; Type: SEQUENCE; Schema: public; Owner: user
--

ALTER TABLE public.posts_post ALTER COLUMN id ADD GENERATED BY DEFAULT AS IDENTITY (
    SEQUENCE NAME public.posts_post_id_seq
    START WITH 1
    INCREMENT BY 1
    NO MINVALUE
    NO MAXVALUE
    CACHE 1
);


--
-- Name: posts_post_likes; Type: TABLE; Schema: public; Owner: user
--

CREATE TABLE public.posts_post_likes (
    id bigint NOT NULL,
    post_id bigint NOT NULL,
    profile_id bigint NOT NULL
);


ALTER TABLE public.posts_post_likes OWNER TO "user";

--
-- Name: posts_post_likes_id_seq; Type: SEQUENCE; Schema: public; Owner: user
--

ALTER TABLE public.posts_post_likes ALTER COLUMN id ADD GENERATED BY DEFAULT AS IDENTITY (
    SEQUENCE NAME public.posts_post_likes_id_seq
    START WITH 1
    INCREMENT BY 1
    NO MINVALUE
    NO MAXVALUE
    CACHE 1
);


--
-- Name: posts_post_tags; Type: TABLE; Schema: public; Owner: user
--

CREATE TABLE public.posts_post_tags (
    id bigint NOT NULL,
    post_id bigint NOT NULL,
    tag_id bigint NOT NULL
);


ALTER TABLE public.posts_post_tags OWNER TO "user";

--
-- Name: posts_post_tags_id_seq; Type: SEQUENCE; Schema: public; Owner: user
--

ALTER TABLE public.posts_post_tags ALTER COLUMN id ADD GENERATED BY DEFAULT AS IDENTITY (
    SEQUENCE NAME public.posts_post_tags_id_seq
    START WITH 1
    INCREMENT BY 1
    NO MINVALUE
    NO MAXVALUE
    CACHE 1
);


--
-- Name: posts_tag; Type: TABLE; Schema: public; Owner: user
--

CREATE TABLE public.posts_tag (
    id bigint NOT NULL,
    created_on timestamp with time zone NOT NULL,
    updated_on timestamp with time zone NOT NULL,
    tag character varying(255) NOT NULL
);


ALTER TABLE public.posts_tag OWNER TO "user";

--
-- Name: posts_tag_id_seq; Type: SEQUENCE; Schema: public; Owner: user
--

ALTER TABLE public.posts_tag ALTER COLUMN id ADD GENERATED BY DEFAULT AS IDENTITY (
    SEQUENCE NAME public.posts_tag_id_seq
    START WITH 1
    INCREMENT BY 1
    NO MINVALUE
    NO MAXVALUE
    CACHE 1
);


--
-- Name: profiles_connection; Type: TABLE; Schema: public; Owner: user
--

CREATE TABLE public.profiles_connection (
    id bigint NOT NULL,
    follower_id bigint NOT NULL,
    following_id bigint NOT NULL
);


ALTER TABLE public.profiles_connection OWNER TO "user";

--
-- Name: profiles_connection_id_seq; Type: SEQUENCE; Schema: public; Owner: user
--

ALTER TABLE public.profiles_connection ALTER COLUMN id ADD GENERATED BY DEFAULT AS IDENTITY (
    SEQUENCE NAME public.profiles_connection_id_seq
    START WITH 1
    INCREMENT BY 1
    NO MINVALUE
    NO MAXVALUE
    CACHE 1
);


--
-- Name: profiles_profile; Type: TABLE; Schema: public; Owner: user
--

CREATE TABLE public.profiles_profile (
    id bigint NOT NULL,
    created_on timestamp with time zone NOT NULL,
    updated_on timestamp with time zone NOT NULL,
    username character varying(20),
    img character varying(100),
    account_id bigint NOT NULL
);


ALTER TABLE public.profiles_profile OWNER TO "user";

--
-- Name: profiles_profile_id_seq; Type: SEQUENCE; Schema: public; Owner: user
--

ALTER TABLE public.profiles_profile ALTER COLUMN id ADD GENERATED BY DEFAULT AS IDENTITY (
    SEQUENCE NAME public.profiles_profile_id_seq
    START WITH 1
    INCREMENT BY 1
    NO MINVALUE
    NO MAXVALUE
    CACHE 1
);


--
-- Name: restaurants_restaurant; Type: TABLE; Schema: public; Owner: user
--

CREATE TABLE public.restaurants_restaurant (
    id bigint NOT NULL,
    name character varying(200) NOT NULL,
    lat double precision NOT NULL,
    lng double precision NOT NULL,
    address character varying(200) NOT NULL,
    area character varying(200),
    url character varying(200)
);


ALTER TABLE public.restaurants_restaurant OWNER TO "user";

--
-- Name: restaurants_restaurant_id_seq; Type: SEQUENCE; Schema: public; Owner: user
--

ALTER TABLE public.restaurants_restaurant ALTER COLUMN id ADD GENERATED BY DEFAULT AS IDENTITY (
    SEQUENCE NAME public.restaurants_restaurant_id_seq
    START WITH 1
    INCREMENT BY 1
    NO MINVALUE
    NO MAXVALUE
    CACHE 1
);


--
-- Name: token_blacklist_blacklistedtoken; Type: TABLE; Schema: public; Owner: user
--

CREATE TABLE public.token_blacklist_blacklistedtoken (
    id bigint NOT NULL,
    blacklisted_at timestamp with time zone NOT NULL,
    token_id bigint NOT NULL
);


ALTER TABLE public.token_blacklist_blacklistedtoken OWNER TO "user";

--
-- Name: token_blacklist_blacklistedtoken_id_seq; Type: SEQUENCE; Schema: public; Owner: user
--

ALTER TABLE public.token_blacklist_blacklistedtoken ALTER COLUMN id ADD GENERATED BY DEFAULT AS IDENTITY (
    SEQUENCE NAME public.token_blacklist_blacklistedtoken_id_seq
    START WITH 1
    INCREMENT BY 1
    NO MINVALUE
    NO MAXVALUE
    CACHE 1
);


--
-- Name: token_blacklist_outstandingtoken; Type: TABLE; Schema: public; Owner: user
--

CREATE TABLE public.token_blacklist_outstandingtoken (
    id bigint NOT NULL,
    token text NOT NULL,
    created_at timestamp with time zone,
    expires_at timestamp with time zone NOT NULL,
    user_id bigint,
    jti character varying(255) NOT NULL
);


ALTER TABLE public.token_blacklist_outstandingtoken OWNER TO "user";

--
-- Name: token_blacklist_outstandingtoken_id_seq; Type: SEQUENCE; Schema: public; Owner: user
--

ALTER TABLE public.token_blacklist_outstandingtoken ALTER COLUMN id ADD GENERATED BY DEFAULT AS IDENTITY (
    SEQUENCE NAME public.token_blacklist_outstandingtoken_id_seq
    START WITH 1
    INCREMENT BY 1
    NO MINVALUE
    NO MAXVALUE
    CACHE 1
);


--
-- Data for Name: accounts_user; Type: TABLE DATA; Schema: public; Owner: user
--

COPY public.accounts_user (id, password, last_login, is_superuser, created_on, updated_on, email, is_active, is_staff) FROM stdin;
1	pbkdf2_sha256$600000$32ydOFUOQqIhHXZrDgKEjF$ceWQi3KfOB+T1ZVWJrZph4ut0IAAjWMOpsLodw4g9f0=	2024-04-07 15:01:34.507784+00	t	2024-04-07 15:01:22.269608+00	2024-04-07 15:01:22.275505+00	super@gmail.com	t	t
2	pbkdf2_sha256$600000$Ywz7AiLxRzCaQzN4aVER4R$EV417yfVCUV6lH0vl0ocdotUm4/424fPiBWLjprbFEI=	\N	f	2024-04-07 15:02:10.2649+00	2024-04-07 15:02:10.264913+00	test1@gmail.com	t	f
3	pbkdf2_sha256$600000$bGhRbJ57GtFMhM2mSnucLJ$XylxRPPLj3C7TWZtR273UOcu/M/hd5/RMFu08/IoL+g=	\N	f	2024-04-07 15:02:39.921835+00	2024-04-07 15:02:39.921852+00	test2@gmail.com	t	f
\.


--
-- Data for Name: accounts_user_groups; Type: TABLE DATA; Schema: public; Owner: user
--

COPY public.accounts_user_groups (id, user_id, group_id) FROM stdin;
\.


--
-- Data for Name: accounts_user_user_permissions; Type: TABLE DATA; Schema: public; Owner: user
--

COPY public.accounts_user_user_permissions (id, user_id, permission_id) FROM stdin;
\.


--
-- Data for Name: auth_group; Type: TABLE DATA; Schema: public; Owner: user
--

COPY public.auth_group (id, name) FROM stdin;
\.


--
-- Data for Name: auth_group_permissions; Type: TABLE DATA; Schema: public; Owner: user
--

COPY public.auth_group_permissions (id, group_id, permission_id) FROM stdin;
\.


--
-- Data for Name: auth_permission; Type: TABLE DATA; Schema: public; Owner: user
--

COPY public.auth_permission (id, name, content_type_id, codename) FROM stdin;
1	Can add log entry	1	add_logentry
2	Can change log entry	1	change_logentry
3	Can delete log entry	1	delete_logentry
4	Can view log entry	1	view_logentry
5	Can add permission	2	add_permission
6	Can change permission	2	change_permission
7	Can delete permission	2	delete_permission
8	Can view permission	2	view_permission
9	Can add group	3	add_group
10	Can change group	3	change_group
11	Can delete group	3	delete_group
12	Can view group	3	view_group
13	Can add content type	4	add_contenttype
14	Can change content type	4	change_contenttype
15	Can delete content type	4	delete_contenttype
16	Can view content type	4	view_contenttype
17	Can add session	5	add_session
18	Can change session	5	change_session
19	Can delete session	5	delete_session
20	Can view session	5	view_session
21	Can add blacklisted token	6	add_blacklistedtoken
22	Can change blacklisted token	6	change_blacklistedtoken
23	Can delete blacklisted token	6	delete_blacklistedtoken
24	Can view blacklisted token	6	view_blacklistedtoken
25	Can add outstanding token	7	add_outstandingtoken
26	Can change outstanding token	7	change_outstandingtoken
27	Can delete outstanding token	7	delete_outstandingtoken
28	Can view outstanding token	7	view_outstandingtoken
29	Can add user	8	add_user
30	Can change user	8	change_user
31	Can delete user	8	delete_user
32	Can view user	8	view_user
33	Can add connection	9	add_connection
34	Can change connection	9	change_connection
35	Can delete connection	9	delete_connection
36	Can view connection	9	view_connection
37	Can add profile	10	add_profile
38	Can change profile	10	change_profile
39	Can delete profile	10	delete_profile
40	Can view profile	10	view_profile
41	Can add tag	11	add_tag
42	Can change tag	11	change_tag
43	Can delete tag	11	delete_tag
44	Can view tag	11	view_tag
45	Can add post	12	add_post
46	Can change post	12	change_post
47	Can delete post	12	delete_post
48	Can view post	12	view_post
49	Can add comment	13	add_comment
50	Can change comment	13	change_comment
51	Can delete comment	13	delete_comment
52	Can view comment	13	view_comment
53	Can add restaurant	14	add_restaurant
54	Can change restaurant	14	change_restaurant
55	Can delete restaurant	14	delete_restaurant
56	Can view restaurant	14	view_restaurant
\.


--
-- Data for Name: django_admin_log; Type: TABLE DATA; Schema: public; Owner: user
--

COPY public.django_admin_log (id, action_time, object_id, object_repr, action_flag, change_message, content_type_id, user_id) FROM stdin;
1	2024-04-07 15:02:10.26681+00	2	test1@gmail.com	1	[{"added": {}}]	8	1
2	2024-04-07 15:02:39.923989+00	3	test2@gmail.com	1	[{"added": {}}]	8	1
3	2024-04-07 15:03:40.70575+00	1	user1	1	[{"added": {}}]	10	1
4	2024-04-07 15:05:24.721364+00	2	user2	1	[{"added": {}}]	10	1
5	2024-04-07 15:05:39.762863+00	1	user1 follows user2	1	[{"added": {}}]	9	1
6	2024-04-07 15:08:05.361437+00	1	港町MOTHER	1	[{"added": {}}]	14	1
7	2024-04-07 15:08:33.486513+00	1	洋食	1	[{"added": {}}]	11	1
8	2024-04-07 15:08:38.092533+00	2	和食	1	[{"added": {}}]	11	1
9	2024-04-07 15:10:53.532006+00	1	チキン南蛮定食(Lサイズ)	1	[{"added": {}}]	12	1
\.


--
-- Data for Name: django_content_type; Type: TABLE DATA; Schema: public; Owner: user
--

COPY public.django_content_type (id, app_label, model) FROM stdin;
1	admin	logentry
2	auth	permission
3	auth	group
4	contenttypes	contenttype
5	sessions	session
6	token_blacklist	blacklistedtoken
7	token_blacklist	outstandingtoken
8	accounts	user
9	profiles	connection
10	profiles	profile
11	posts	tag
12	posts	post
13	posts	comment
14	restaurants	restaurant
\.


--
-- Data for Name: django_migrations; Type: TABLE DATA; Schema: public; Owner: user
--

COPY public.django_migrations (id, app, name, applied) FROM stdin;
1	contenttypes	0001_initial	2024-04-07 15:00:43.722866+00
2	contenttypes	0002_remove_content_type_name	2024-04-07 15:00:43.730484+00
3	auth	0001_initial	2024-04-07 15:00:43.766526+00
4	auth	0002_alter_permission_name_max_length	2024-04-07 15:00:43.770319+00
5	auth	0003_alter_user_email_max_length	2024-04-07 15:00:43.774121+00
6	auth	0004_alter_user_username_opts	2024-04-07 15:00:43.77793+00
7	auth	0005_alter_user_last_login_null	2024-04-07 15:00:43.781575+00
8	auth	0006_require_contenttypes_0002	2024-04-07 15:00:43.783286+00
9	auth	0007_alter_validators_add_error_messages	2024-04-07 15:00:43.787263+00
10	auth	0008_alter_user_username_max_length	2024-04-07 15:00:43.791215+00
11	auth	0009_alter_user_last_name_max_length	2024-04-07 15:00:43.794919+00
12	auth	0010_alter_group_name_max_length	2024-04-07 15:00:43.800252+00
13	auth	0011_update_proxy_permissions	2024-04-07 15:00:43.803888+00
14	auth	0012_alter_user_first_name_max_length	2024-04-07 15:00:43.807362+00
15	accounts	0001_initial	2024-04-07 15:00:43.836538+00
16	admin	0001_initial	2024-04-07 15:00:43.849145+00
17	admin	0002_logentry_remove_auto_add	2024-04-07 15:00:43.853841+00
18	admin	0003_logentry_add_action_flag_choices	2024-04-07 15:00:43.858832+00
19	profiles	0001_initial	2024-04-07 15:00:43.88797+00
20	restaurants	0001_initial	2024-04-07 15:00:43.895286+00
21	posts	0001_initial	2024-04-07 15:00:43.940017+00
22	posts	0002_alter_post_likes_alter_post_score	2024-04-07 15:00:43.954349+00
23	posts	0003_rename_profile_comment_author	2024-04-07 15:00:43.968934+00
24	restaurants	0002_restaurant_area	2024-04-07 15:00:43.974149+00
25	restaurants	0003_restaurant_url_alter_restaurant_lat_and_more	2024-04-07 15:00:43.989561+00
26	sessions	0001_initial	2024-04-07 15:00:44.002344+00
27	token_blacklist	0001_initial	2024-04-07 15:00:44.047642+00
28	token_blacklist	0002_outstandingtoken_jti_hex	2024-04-07 15:00:44.054255+00
29	token_blacklist	0003_auto_20171017_2007	2024-04-07 15:00:44.064538+00
30	token_blacklist	0004_auto_20171017_2013	2024-04-07 15:00:44.075027+00
31	token_blacklist	0005_remove_outstandingtoken_jti	2024-04-07 15:00:44.081404+00
32	token_blacklist	0006_auto_20171017_2113	2024-04-07 15:00:44.088248+00
33	token_blacklist	0007_auto_20171017_2214	2024-04-07 15:00:44.107014+00
34	token_blacklist	0008_migrate_to_bigautofield	2024-04-07 15:00:44.145288+00
35	token_blacklist	0010_fix_migrate_to_bigautofield	2024-04-07 15:00:44.16149+00
36	token_blacklist	0011_linearizes_history	2024-04-07 15:00:44.164037+00
37	token_blacklist	0012_alter_outstandingtoken_user	2024-04-07 15:00:44.175939+00
\.


--
-- Data for Name: django_session; Type: TABLE DATA; Schema: public; Owner: user
--

COPY public.django_session (session_key, session_data, expire_date) FROM stdin;
g6foztgjh2jtuf9vns8jm6slhqz2ngq5	.eJxVjEEOwiAQRe_C2pChUmBcuvcMZIBBqgaS0q6MdzckXej2v_f-W3jat-L3zqtfkrgIJU6_W6D45DpAelC9Nxlb3dYlyKHIg3Z5a4lf18P9OyjUy6gZMhhUKbMiiwxn61g7F43BaB0QQUalA8CUM0fKc0iEs9XMEyCh-HwB8vQ4cA:1rtU1W:LzEPydzeFpcHAhgvRPmFCjursD686q5dACkFl0BvqM4	2024-04-21 15:01:34.510759+00
\.


--
-- Data for Name: posts_comment; Type: TABLE DATA; Schema: public; Owner: user
--

COPY public.posts_comment (id, created_on, updated_on, comment, post_id, author_id) FROM stdin;
\.


--
-- Data for Name: posts_post; Type: TABLE DATA; Schema: public; Owner: user
--

COPY public.posts_post (id, created_on, updated_on, menu_name, score, price, menu_photo, menu_model, review_text, visited_date, author_id, restaurant_id) FROM stdin;
1	2024-04-07 15:10:53.473737+00	2024-04-07 15:10:53.473751+00	チキン南蛮定食(Lサイズ)	5	1600	posts/1チキン南蛮定食Lサイズ.jpeg	models/1チキン南蛮定食Lサイズ.glb	すごくボリュームがあって満足でした！\r\nタルタルソースとお肉の味も美味しく、すごく食べやすかったです。\r\nちょっだけ〜Lサイズの４段階のサイズで選べて、ちょっとだけでも普通のチキン南蛮ぐらいの量があります！	2024-04-08	1	1
\.


--
-- Data for Name: posts_post_likes; Type: TABLE DATA; Schema: public; Owner: user
--

COPY public.posts_post_likes (id, post_id, profile_id) FROM stdin;
1	1	1
\.


--
-- Data for Name: posts_post_tags; Type: TABLE DATA; Schema: public; Owner: user
--

COPY public.posts_post_tags (id, post_id, tag_id) FROM stdin;
1	1	1
\.


--
-- Data for Name: posts_tag; Type: TABLE DATA; Schema: public; Owner: user
--

COPY public.posts_tag (id, created_on, updated_on, tag) FROM stdin;
1	2024-04-07 15:08:33.483088+00	2024-04-07 15:08:33.483125+00	洋食
2	2024-04-07 15:08:38.090415+00	2024-04-07 15:08:38.090434+00	和食
\.


--
-- Data for Name: profiles_connection; Type: TABLE DATA; Schema: public; Owner: user
--

COPY public.profiles_connection (id, follower_id, following_id) FROM stdin;
1	1	2
\.


--
-- Data for Name: profiles_profile; Type: TABLE DATA; Schema: public; Owner: user
--

COPY public.profiles_profile (id, created_on, updated_on, username, img, account_id) FROM stdin;
1	2024-04-07 15:03:40.670078+00	2024-04-07 15:03:40.670094+00	user1	avatars/2user1_hxMyEqR.png	2
2	2024-04-07 15:05:24.704077+00	2024-04-07 15:05:24.704123+00	user2	avatars/3user2_EBMNOcn.jpeg	3
\.


--
-- Data for Name: restaurants_restaurant; Type: TABLE DATA; Schema: public; Owner: user
--

COPY public.restaurants_restaurant (id, name, lat, lng, address, area, url) FROM stdin;
1	港町MOTHER	34.6967033383	135.1944958494	兵庫県神戸市中央区琴ノ緒町５－７－４　サンシャイン三宮１０２	兵庫	https://www.hotpepper.jp/strJ000024246/?vos=nhppalsa000016
\.


--
-- Data for Name: token_blacklist_blacklistedtoken; Type: TABLE DATA; Schema: public; Owner: user
--

COPY public.token_blacklist_blacklistedtoken (id, blacklisted_at, token_id) FROM stdin;
\.


--
-- Data for Name: token_blacklist_outstandingtoken; Type: TABLE DATA; Schema: public; Owner: user
--

COPY public.token_blacklist_outstandingtoken (id, token, created_at, expires_at, user_id, jti) FROM stdin;
\.


--
-- Name: accounts_user_groups_id_seq; Type: SEQUENCE SET; Schema: public; Owner: user
--

SELECT pg_catalog.setval('public.accounts_user_groups_id_seq', 1, false);


--
-- Name: accounts_user_id_seq; Type: SEQUENCE SET; Schema: public; Owner: user
--

SELECT pg_catalog.setval('public.accounts_user_id_seq', 3, true);


--
-- Name: accounts_user_user_permissions_id_seq; Type: SEQUENCE SET; Schema: public; Owner: user
--

SELECT pg_catalog.setval('public.accounts_user_user_permissions_id_seq', 1, false);


--
-- Name: auth_group_id_seq; Type: SEQUENCE SET; Schema: public; Owner: user
--

SELECT pg_catalog.setval('public.auth_group_id_seq', 1, false);


--
-- Name: auth_group_permissions_id_seq; Type: SEQUENCE SET; Schema: public; Owner: user
--

SELECT pg_catalog.setval('public.auth_group_permissions_id_seq', 1, false);


--
-- Name: auth_permission_id_seq; Type: SEQUENCE SET; Schema: public; Owner: user
--

SELECT pg_catalog.setval('public.auth_permission_id_seq', 56, true);


--
-- Name: django_admin_log_id_seq; Type: SEQUENCE SET; Schema: public; Owner: user
--

SELECT pg_catalog.setval('public.django_admin_log_id_seq', 9, true);


--
-- Name: django_content_type_id_seq; Type: SEQUENCE SET; Schema: public; Owner: user
--

SELECT pg_catalog.setval('public.django_content_type_id_seq', 14, true);


--
-- Name: django_migrations_id_seq; Type: SEQUENCE SET; Schema: public; Owner: user
--

SELECT pg_catalog.setval('public.django_migrations_id_seq', 37, true);


--
-- Name: posts_comment_id_seq; Type: SEQUENCE SET; Schema: public; Owner: user
--

SELECT pg_catalog.setval('public.posts_comment_id_seq', 1, false);


--
-- Name: posts_post_id_seq; Type: SEQUENCE SET; Schema: public; Owner: user
--

SELECT pg_catalog.setval('public.posts_post_id_seq', 1, true);


--
-- Name: posts_post_likes_id_seq; Type: SEQUENCE SET; Schema: public; Owner: user
--

SELECT pg_catalog.setval('public.posts_post_likes_id_seq', 1, true);


--
-- Name: posts_post_tags_id_seq; Type: SEQUENCE SET; Schema: public; Owner: user
--

SELECT pg_catalog.setval('public.posts_post_tags_id_seq', 1, true);


--
-- Name: posts_tag_id_seq; Type: SEQUENCE SET; Schema: public; Owner: user
--

SELECT pg_catalog.setval('public.posts_tag_id_seq', 2, true);


--
-- Name: profiles_connection_id_seq; Type: SEQUENCE SET; Schema: public; Owner: user
--

SELECT pg_catalog.setval('public.profiles_connection_id_seq', 1, true);


--
-- Name: profiles_profile_id_seq; Type: SEQUENCE SET; Schema: public; Owner: user
--

SELECT pg_catalog.setval('public.profiles_profile_id_seq', 2, true);


--
-- Name: restaurants_restaurant_id_seq; Type: SEQUENCE SET; Schema: public; Owner: user
--

SELECT pg_catalog.setval('public.restaurants_restaurant_id_seq', 1, true);


--
-- Name: token_blacklist_blacklistedtoken_id_seq; Type: SEQUENCE SET; Schema: public; Owner: user
--

SELECT pg_catalog.setval('public.token_blacklist_blacklistedtoken_id_seq', 1, false);


--
-- Name: token_blacklist_outstandingtoken_id_seq; Type: SEQUENCE SET; Schema: public; Owner: user
--

SELECT pg_catalog.setval('public.token_blacklist_outstandingtoken_id_seq', 1, false);


--
-- Name: accounts_user accounts_user_email_key; Type: CONSTRAINT; Schema: public; Owner: user
--

ALTER TABLE ONLY public.accounts_user
    ADD CONSTRAINT accounts_user_email_key UNIQUE (email);


--
-- Name: accounts_user_groups accounts_user_groups_pkey; Type: CONSTRAINT; Schema: public; Owner: user
--

ALTER TABLE ONLY public.accounts_user_groups
    ADD CONSTRAINT accounts_user_groups_pkey PRIMARY KEY (id);


--
-- Name: accounts_user_groups accounts_user_groups_user_id_group_id_59c0b32f_uniq; Type: CONSTRAINT; Schema: public; Owner: user
--

ALTER TABLE ONLY public.accounts_user_groups
    ADD CONSTRAINT accounts_user_groups_user_id_group_id_59c0b32f_uniq UNIQUE (user_id, group_id);


--
-- Name: accounts_user accounts_user_pkey; Type: CONSTRAINT; Schema: public; Owner: user
--

ALTER TABLE ONLY public.accounts_user
    ADD CONSTRAINT accounts_user_pkey PRIMARY KEY (id);


--
-- Name: accounts_user_user_permissions accounts_user_user_permi_user_id_permission_id_2ab516c2_uniq; Type: CONSTRAINT; Schema: public; Owner: user
--

ALTER TABLE ONLY public.accounts_user_user_permissions
    ADD CONSTRAINT accounts_user_user_permi_user_id_permission_id_2ab516c2_uniq UNIQUE (user_id, permission_id);


--
-- Name: accounts_user_user_permissions accounts_user_user_permissions_pkey; Type: CONSTRAINT; Schema: public; Owner: user
--

ALTER TABLE ONLY public.accounts_user_user_permissions
    ADD CONSTRAINT accounts_user_user_permissions_pkey PRIMARY KEY (id);


--
-- Name: auth_group auth_group_name_key; Type: CONSTRAINT; Schema: public; Owner: user
--

ALTER TABLE ONLY public.auth_group
    ADD CONSTRAINT auth_group_name_key UNIQUE (name);


--
-- Name: auth_group_permissions auth_group_permissions_group_id_permission_id_0cd325b0_uniq; Type: CONSTRAINT; Schema: public; Owner: user
--

ALTER TABLE ONLY public.auth_group_permissions
    ADD CONSTRAINT auth_group_permissions_group_id_permission_id_0cd325b0_uniq UNIQUE (group_id, permission_id);


--
-- Name: auth_group_permissions auth_group_permissions_pkey; Type: CONSTRAINT; Schema: public; Owner: user
--

ALTER TABLE ONLY public.auth_group_permissions
    ADD CONSTRAINT auth_group_permissions_pkey PRIMARY KEY (id);


--
-- Name: auth_group auth_group_pkey; Type: CONSTRAINT; Schema: public; Owner: user
--

ALTER TABLE ONLY public.auth_group
    ADD CONSTRAINT auth_group_pkey PRIMARY KEY (id);


--
-- Name: auth_permission auth_permission_content_type_id_codename_01ab375a_uniq; Type: CONSTRAINT; Schema: public; Owner: user
--

ALTER TABLE ONLY public.auth_permission
    ADD CONSTRAINT auth_permission_content_type_id_codename_01ab375a_uniq UNIQUE (content_type_id, codename);


--
-- Name: auth_permission auth_permission_pkey; Type: CONSTRAINT; Schema: public; Owner: user
--

ALTER TABLE ONLY public.auth_permission
    ADD CONSTRAINT auth_permission_pkey PRIMARY KEY (id);


--
-- Name: django_admin_log django_admin_log_pkey; Type: CONSTRAINT; Schema: public; Owner: user
--

ALTER TABLE ONLY public.django_admin_log
    ADD CONSTRAINT django_admin_log_pkey PRIMARY KEY (id);


--
-- Name: django_content_type django_content_type_app_label_model_76bd3d3b_uniq; Type: CONSTRAINT; Schema: public; Owner: user
--

ALTER TABLE ONLY public.django_content_type
    ADD CONSTRAINT django_content_type_app_label_model_76bd3d3b_uniq UNIQUE (app_label, model);


--
-- Name: django_content_type django_content_type_pkey; Type: CONSTRAINT; Schema: public; Owner: user
--

ALTER TABLE ONLY public.django_content_type
    ADD CONSTRAINT django_content_type_pkey PRIMARY KEY (id);


--
-- Name: django_migrations django_migrations_pkey; Type: CONSTRAINT; Schema: public; Owner: user
--

ALTER TABLE ONLY public.django_migrations
    ADD CONSTRAINT django_migrations_pkey PRIMARY KEY (id);


--
-- Name: django_session django_session_pkey; Type: CONSTRAINT; Schema: public; Owner: user
--

ALTER TABLE ONLY public.django_session
    ADD CONSTRAINT django_session_pkey PRIMARY KEY (session_key);


--
-- Name: posts_comment posts_comment_pkey; Type: CONSTRAINT; Schema: public; Owner: user
--

ALTER TABLE ONLY public.posts_comment
    ADD CONSTRAINT posts_comment_pkey PRIMARY KEY (id);


--
-- Name: posts_post_likes posts_post_likes_pkey; Type: CONSTRAINT; Schema: public; Owner: user
--

ALTER TABLE ONLY public.posts_post_likes
    ADD CONSTRAINT posts_post_likes_pkey PRIMARY KEY (id);


--
-- Name: posts_post_likes posts_post_likes_post_id_profile_id_caca79e0_uniq; Type: CONSTRAINT; Schema: public; Owner: user
--

ALTER TABLE ONLY public.posts_post_likes
    ADD CONSTRAINT posts_post_likes_post_id_profile_id_caca79e0_uniq UNIQUE (post_id, profile_id);


--
-- Name: posts_post posts_post_pkey; Type: CONSTRAINT; Schema: public; Owner: user
--

ALTER TABLE ONLY public.posts_post
    ADD CONSTRAINT posts_post_pkey PRIMARY KEY (id);


--
-- Name: posts_post_tags posts_post_tags_pkey; Type: CONSTRAINT; Schema: public; Owner: user
--

ALTER TABLE ONLY public.posts_post_tags
    ADD CONSTRAINT posts_post_tags_pkey PRIMARY KEY (id);


--
-- Name: posts_post_tags posts_post_tags_post_id_tag_id_9b9d69ec_uniq; Type: CONSTRAINT; Schema: public; Owner: user
--

ALTER TABLE ONLY public.posts_post_tags
    ADD CONSTRAINT posts_post_tags_post_id_tag_id_9b9d69ec_uniq UNIQUE (post_id, tag_id);


--
-- Name: posts_tag posts_tag_pkey; Type: CONSTRAINT; Schema: public; Owner: user
--

ALTER TABLE ONLY public.posts_tag
    ADD CONSTRAINT posts_tag_pkey PRIMARY KEY (id);


--
-- Name: profiles_connection profiles_connection_follower_id_following_id_3f029371_uniq; Type: CONSTRAINT; Schema: public; Owner: user
--

ALTER TABLE ONLY public.profiles_connection
    ADD CONSTRAINT profiles_connection_follower_id_following_id_3f029371_uniq UNIQUE (follower_id, following_id);


--
-- Name: profiles_connection profiles_connection_pkey; Type: CONSTRAINT; Schema: public; Owner: user
--

ALTER TABLE ONLY public.profiles_connection
    ADD CONSTRAINT profiles_connection_pkey PRIMARY KEY (id);


--
-- Name: profiles_profile profiles_profile_account_id_key; Type: CONSTRAINT; Schema: public; Owner: user
--

ALTER TABLE ONLY public.profiles_profile
    ADD CONSTRAINT profiles_profile_account_id_key UNIQUE (account_id);


--
-- Name: profiles_profile profiles_profile_pkey; Type: CONSTRAINT; Schema: public; Owner: user
--

ALTER TABLE ONLY public.profiles_profile
    ADD CONSTRAINT profiles_profile_pkey PRIMARY KEY (id);


--
-- Name: restaurants_restaurant restaurants_restaurant_pkey; Type: CONSTRAINT; Schema: public; Owner: user
--

ALTER TABLE ONLY public.restaurants_restaurant
    ADD CONSTRAINT restaurants_restaurant_pkey PRIMARY KEY (id);


--
-- Name: token_blacklist_blacklistedtoken token_blacklist_blacklistedtoken_pkey; Type: CONSTRAINT; Schema: public; Owner: user
--

ALTER TABLE ONLY public.token_blacklist_blacklistedtoken
    ADD CONSTRAINT token_blacklist_blacklistedtoken_pkey PRIMARY KEY (id);


--
-- Name: token_blacklist_blacklistedtoken token_blacklist_blacklistedtoken_token_id_key; Type: CONSTRAINT; Schema: public; Owner: user
--

ALTER TABLE ONLY public.token_blacklist_blacklistedtoken
    ADD CONSTRAINT token_blacklist_blacklistedtoken_token_id_key UNIQUE (token_id);


--
-- Name: token_blacklist_outstandingtoken token_blacklist_outstandingtoken_jti_hex_d9bdf6f7_uniq; Type: CONSTRAINT; Schema: public; Owner: user
--

ALTER TABLE ONLY public.token_blacklist_outstandingtoken
    ADD CONSTRAINT token_blacklist_outstandingtoken_jti_hex_d9bdf6f7_uniq UNIQUE (jti);


--
-- Name: token_blacklist_outstandingtoken token_blacklist_outstandingtoken_pkey; Type: CONSTRAINT; Schema: public; Owner: user
--

ALTER TABLE ONLY public.token_blacklist_outstandingtoken
    ADD CONSTRAINT token_blacklist_outstandingtoken_pkey PRIMARY KEY (id);


--
-- Name: accounts_user_email_b2644a56_like; Type: INDEX; Schema: public; Owner: user
--

CREATE INDEX accounts_user_email_b2644a56_like ON public.accounts_user USING btree (email varchar_pattern_ops);


--
-- Name: accounts_user_groups_group_id_bd11a704; Type: INDEX; Schema: public; Owner: user
--

CREATE INDEX accounts_user_groups_group_id_bd11a704 ON public.accounts_user_groups USING btree (group_id);


--
-- Name: accounts_user_groups_user_id_52b62117; Type: INDEX; Schema: public; Owner: user
--

CREATE INDEX accounts_user_groups_user_id_52b62117 ON public.accounts_user_groups USING btree (user_id);


--
-- Name: accounts_user_user_permissions_permission_id_113bb443; Type: INDEX; Schema: public; Owner: user
--

CREATE INDEX accounts_user_user_permissions_permission_id_113bb443 ON public.accounts_user_user_permissions USING btree (permission_id);


--
-- Name: accounts_user_user_permissions_user_id_e4f0a161; Type: INDEX; Schema: public; Owner: user
--

CREATE INDEX accounts_user_user_permissions_user_id_e4f0a161 ON public.accounts_user_user_permissions USING btree (user_id);


--
-- Name: auth_group_name_a6ea08ec_like; Type: INDEX; Schema: public; Owner: user
--

CREATE INDEX auth_group_name_a6ea08ec_like ON public.auth_group USING btree (name varchar_pattern_ops);


--
-- Name: auth_group_permissions_group_id_b120cbf9; Type: INDEX; Schema: public; Owner: user
--

CREATE INDEX auth_group_permissions_group_id_b120cbf9 ON public.auth_group_permissions USING btree (group_id);


--
-- Name: auth_group_permissions_permission_id_84c5c92e; Type: INDEX; Schema: public; Owner: user
--

CREATE INDEX auth_group_permissions_permission_id_84c5c92e ON public.auth_group_permissions USING btree (permission_id);


--
-- Name: auth_permission_content_type_id_2f476e4b; Type: INDEX; Schema: public; Owner: user
--

CREATE INDEX auth_permission_content_type_id_2f476e4b ON public.auth_permission USING btree (content_type_id);


--
-- Name: django_admin_log_content_type_id_c4bce8eb; Type: INDEX; Schema: public; Owner: user
--

CREATE INDEX django_admin_log_content_type_id_c4bce8eb ON public.django_admin_log USING btree (content_type_id);


--
-- Name: django_admin_log_user_id_c564eba6; Type: INDEX; Schema: public; Owner: user
--

CREATE INDEX django_admin_log_user_id_c564eba6 ON public.django_admin_log USING btree (user_id);


--
-- Name: django_session_expire_date_a5c62663; Type: INDEX; Schema: public; Owner: user
--

CREATE INDEX django_session_expire_date_a5c62663 ON public.django_session USING btree (expire_date);


--
-- Name: django_session_session_key_c0390e0f_like; Type: INDEX; Schema: public; Owner: user
--

CREATE INDEX django_session_session_key_c0390e0f_like ON public.django_session USING btree (session_key varchar_pattern_ops);


--
-- Name: posts_comment_post_id_e81436d7; Type: INDEX; Schema: public; Owner: user
--

CREATE INDEX posts_comment_post_id_e81436d7 ON public.posts_comment USING btree (post_id);


--
-- Name: posts_comment_profile_id_481c589a; Type: INDEX; Schema: public; Owner: user
--

CREATE INDEX posts_comment_profile_id_481c589a ON public.posts_comment USING btree (author_id);


--
-- Name: posts_post_author_id_fe5487bf; Type: INDEX; Schema: public; Owner: user
--

CREATE INDEX posts_post_author_id_fe5487bf ON public.posts_post USING btree (author_id);


--
-- Name: posts_post_likes_post_id_7f646a71; Type: INDEX; Schema: public; Owner: user
--

CREATE INDEX posts_post_likes_post_id_7f646a71 ON public.posts_post_likes USING btree (post_id);


--
-- Name: posts_post_likes_profile_id_b697d840; Type: INDEX; Schema: public; Owner: user
--

CREATE INDEX posts_post_likes_profile_id_b697d840 ON public.posts_post_likes USING btree (profile_id);


--
-- Name: posts_post_restaurant_id_59f1cce4; Type: INDEX; Schema: public; Owner: user
--

CREATE INDEX posts_post_restaurant_id_59f1cce4 ON public.posts_post USING btree (restaurant_id);


--
-- Name: posts_post_tags_post_id_1f164920; Type: INDEX; Schema: public; Owner: user
--

CREATE INDEX posts_post_tags_post_id_1f164920 ON public.posts_post_tags USING btree (post_id);


--
-- Name: posts_post_tags_tag_id_0743d52e; Type: INDEX; Schema: public; Owner: user
--

CREATE INDEX posts_post_tags_tag_id_0743d52e ON public.posts_post_tags USING btree (tag_id);


--
-- Name: profiles_connection_follower_id_8b67cc5e; Type: INDEX; Schema: public; Owner: user
--

CREATE INDEX profiles_connection_follower_id_8b67cc5e ON public.profiles_connection USING btree (follower_id);


--
-- Name: profiles_connection_following_id_d330029e; Type: INDEX; Schema: public; Owner: user
--

CREATE INDEX profiles_connection_following_id_d330029e ON public.profiles_connection USING btree (following_id);


--
-- Name: token_blacklist_outstandingtoken_jti_hex_d9bdf6f7_like; Type: INDEX; Schema: public; Owner: user
--

CREATE INDEX token_blacklist_outstandingtoken_jti_hex_d9bdf6f7_like ON public.token_blacklist_outstandingtoken USING btree (jti varchar_pattern_ops);


--
-- Name: token_blacklist_outstandingtoken_user_id_83bc629a; Type: INDEX; Schema: public; Owner: user
--

CREATE INDEX token_blacklist_outstandingtoken_user_id_83bc629a ON public.token_blacklist_outstandingtoken USING btree (user_id);


--
-- Name: accounts_user_groups accounts_user_groups_group_id_bd11a704_fk_auth_group_id; Type: FK CONSTRAINT; Schema: public; Owner: user
--

ALTER TABLE ONLY public.accounts_user_groups
    ADD CONSTRAINT accounts_user_groups_group_id_bd11a704_fk_auth_group_id FOREIGN KEY (group_id) REFERENCES public.auth_group(id) DEFERRABLE INITIALLY DEFERRED;


--
-- Name: accounts_user_groups accounts_user_groups_user_id_52b62117_fk_accounts_user_id; Type: FK CONSTRAINT; Schema: public; Owner: user
--

ALTER TABLE ONLY public.accounts_user_groups
    ADD CONSTRAINT accounts_user_groups_user_id_52b62117_fk_accounts_user_id FOREIGN KEY (user_id) REFERENCES public.accounts_user(id) DEFERRABLE INITIALLY DEFERRED;


--
-- Name: accounts_user_user_permissions accounts_user_user_p_permission_id_113bb443_fk_auth_perm; Type: FK CONSTRAINT; Schema: public; Owner: user
--

ALTER TABLE ONLY public.accounts_user_user_permissions
    ADD CONSTRAINT accounts_user_user_p_permission_id_113bb443_fk_auth_perm FOREIGN KEY (permission_id) REFERENCES public.auth_permission(id) DEFERRABLE INITIALLY DEFERRED;


--
-- Name: accounts_user_user_permissions accounts_user_user_p_user_id_e4f0a161_fk_accounts_; Type: FK CONSTRAINT; Schema: public; Owner: user
--

ALTER TABLE ONLY public.accounts_user_user_permissions
    ADD CONSTRAINT accounts_user_user_p_user_id_e4f0a161_fk_accounts_ FOREIGN KEY (user_id) REFERENCES public.accounts_user(id) DEFERRABLE INITIALLY DEFERRED;


--
-- Name: auth_group_permissions auth_group_permissio_permission_id_84c5c92e_fk_auth_perm; Type: FK CONSTRAINT; Schema: public; Owner: user
--

ALTER TABLE ONLY public.auth_group_permissions
    ADD CONSTRAINT auth_group_permissio_permission_id_84c5c92e_fk_auth_perm FOREIGN KEY (permission_id) REFERENCES public.auth_permission(id) DEFERRABLE INITIALLY DEFERRED;


--
-- Name: auth_group_permissions auth_group_permissions_group_id_b120cbf9_fk_auth_group_id; Type: FK CONSTRAINT; Schema: public; Owner: user
--

ALTER TABLE ONLY public.auth_group_permissions
    ADD CONSTRAINT auth_group_permissions_group_id_b120cbf9_fk_auth_group_id FOREIGN KEY (group_id) REFERENCES public.auth_group(id) DEFERRABLE INITIALLY DEFERRED;


--
-- Name: auth_permission auth_permission_content_type_id_2f476e4b_fk_django_co; Type: FK CONSTRAINT; Schema: public; Owner: user
--

ALTER TABLE ONLY public.auth_permission
    ADD CONSTRAINT auth_permission_content_type_id_2f476e4b_fk_django_co FOREIGN KEY (content_type_id) REFERENCES public.django_content_type(id) DEFERRABLE INITIALLY DEFERRED;


--
-- Name: django_admin_log django_admin_log_content_type_id_c4bce8eb_fk_django_co; Type: FK CONSTRAINT; Schema: public; Owner: user
--

ALTER TABLE ONLY public.django_admin_log
    ADD CONSTRAINT django_admin_log_content_type_id_c4bce8eb_fk_django_co FOREIGN KEY (content_type_id) REFERENCES public.django_content_type(id) DEFERRABLE INITIALLY DEFERRED;


--
-- Name: django_admin_log django_admin_log_user_id_c564eba6_fk_accounts_user_id; Type: FK CONSTRAINT; Schema: public; Owner: user
--

ALTER TABLE ONLY public.django_admin_log
    ADD CONSTRAINT django_admin_log_user_id_c564eba6_fk_accounts_user_id FOREIGN KEY (user_id) REFERENCES public.accounts_user(id) DEFERRABLE INITIALLY DEFERRED;


--
-- Name: posts_comment posts_comment_author_id_795e4d12_fk_profiles_profile_id; Type: FK CONSTRAINT; Schema: public; Owner: user
--

ALTER TABLE ONLY public.posts_comment
    ADD CONSTRAINT posts_comment_author_id_795e4d12_fk_profiles_profile_id FOREIGN KEY (author_id) REFERENCES public.profiles_profile(id) DEFERRABLE INITIALLY DEFERRED;


--
-- Name: posts_comment posts_comment_post_id_e81436d7_fk_posts_post_id; Type: FK CONSTRAINT; Schema: public; Owner: user
--

ALTER TABLE ONLY public.posts_comment
    ADD CONSTRAINT posts_comment_post_id_e81436d7_fk_posts_post_id FOREIGN KEY (post_id) REFERENCES public.posts_post(id) DEFERRABLE INITIALLY DEFERRED;


--
-- Name: posts_post posts_post_author_id_fe5487bf_fk_profiles_profile_id; Type: FK CONSTRAINT; Schema: public; Owner: user
--

ALTER TABLE ONLY public.posts_post
    ADD CONSTRAINT posts_post_author_id_fe5487bf_fk_profiles_profile_id FOREIGN KEY (author_id) REFERENCES public.profiles_profile(id) DEFERRABLE INITIALLY DEFERRED;


--
-- Name: posts_post_likes posts_post_likes_post_id_7f646a71_fk_posts_post_id; Type: FK CONSTRAINT; Schema: public; Owner: user
--

ALTER TABLE ONLY public.posts_post_likes
    ADD CONSTRAINT posts_post_likes_post_id_7f646a71_fk_posts_post_id FOREIGN KEY (post_id) REFERENCES public.posts_post(id) DEFERRABLE INITIALLY DEFERRED;


--
-- Name: posts_post_likes posts_post_likes_profile_id_b697d840_fk_profiles_profile_id; Type: FK CONSTRAINT; Schema: public; Owner: user
--

ALTER TABLE ONLY public.posts_post_likes
    ADD CONSTRAINT posts_post_likes_profile_id_b697d840_fk_profiles_profile_id FOREIGN KEY (profile_id) REFERENCES public.profiles_profile(id) DEFERRABLE INITIALLY DEFERRED;


--
-- Name: posts_post posts_post_restaurant_id_59f1cce4_fk_restaurants_restaurant_id; Type: FK CONSTRAINT; Schema: public; Owner: user
--

ALTER TABLE ONLY public.posts_post
    ADD CONSTRAINT posts_post_restaurant_id_59f1cce4_fk_restaurants_restaurant_id FOREIGN KEY (restaurant_id) REFERENCES public.restaurants_restaurant(id) DEFERRABLE INITIALLY DEFERRED;


--
-- Name: posts_post_tags posts_post_tags_post_id_1f164920_fk_posts_post_id; Type: FK CONSTRAINT; Schema: public; Owner: user
--

ALTER TABLE ONLY public.posts_post_tags
    ADD CONSTRAINT posts_post_tags_post_id_1f164920_fk_posts_post_id FOREIGN KEY (post_id) REFERENCES public.posts_post(id) DEFERRABLE INITIALLY DEFERRED;


--
-- Name: posts_post_tags posts_post_tags_tag_id_0743d52e_fk_posts_tag_id; Type: FK CONSTRAINT; Schema: public; Owner: user
--

ALTER TABLE ONLY public.posts_post_tags
    ADD CONSTRAINT posts_post_tags_tag_id_0743d52e_fk_posts_tag_id FOREIGN KEY (tag_id) REFERENCES public.posts_tag(id) DEFERRABLE INITIALLY DEFERRED;


--
-- Name: profiles_connection profiles_connection_follower_id_8b67cc5e_fk_profiles_profile_id; Type: FK CONSTRAINT; Schema: public; Owner: user
--

ALTER TABLE ONLY public.profiles_connection
    ADD CONSTRAINT profiles_connection_follower_id_8b67cc5e_fk_profiles_profile_id FOREIGN KEY (follower_id) REFERENCES public.profiles_profile(id) DEFERRABLE INITIALLY DEFERRED;


--
-- Name: profiles_connection profiles_connection_following_id_d330029e_fk_profiles_; Type: FK CONSTRAINT; Schema: public; Owner: user
--

ALTER TABLE ONLY public.profiles_connection
    ADD CONSTRAINT profiles_connection_following_id_d330029e_fk_profiles_ FOREIGN KEY (following_id) REFERENCES public.profiles_profile(id) DEFERRABLE INITIALLY DEFERRED;


--
-- Name: profiles_profile profiles_profile_account_id_679b46bb_fk_accounts_user_id; Type: FK CONSTRAINT; Schema: public; Owner: user
--

ALTER TABLE ONLY public.profiles_profile
    ADD CONSTRAINT profiles_profile_account_id_679b46bb_fk_accounts_user_id FOREIGN KEY (account_id) REFERENCES public.accounts_user(id) DEFERRABLE INITIALLY DEFERRED;


--
-- Name: token_blacklist_blacklistedtoken token_blacklist_blacklistedtoken_token_id_3cc7fe56_fk; Type: FK CONSTRAINT; Schema: public; Owner: user
--

ALTER TABLE ONLY public.token_blacklist_blacklistedtoken
    ADD CONSTRAINT token_blacklist_blacklistedtoken_token_id_3cc7fe56_fk FOREIGN KEY (token_id) REFERENCES public.token_blacklist_outstandingtoken(id) DEFERRABLE INITIALLY DEFERRED;


--
-- Name: token_blacklist_outstandingtoken token_blacklist_outs_user_id_83bc629a_fk_accounts_; Type: FK CONSTRAINT; Schema: public; Owner: user
--

ALTER TABLE ONLY public.token_blacklist_outstandingtoken
    ADD CONSTRAINT token_blacklist_outs_user_id_83bc629a_fk_accounts_ FOREIGN KEY (user_id) REFERENCES public.accounts_user(id) DEFERRABLE INITIALLY DEFERRED;


--
-- PostgreSQL database dump complete
--

